,zero_r,svc,ovr_logreg
accuracy,0.20867900446713467,0.3380344607530313,0.34588385449904274
auc,,,0.7396661853081576
model,,"Pipeline(steps=[('processor',
                 ColumnTransformer(transformers=[('int',
                                                  Pipeline(steps=[('binarizer',
                                                                   Binarizer())]),
                                                  Index(['1000thworldproblems', '100yearsago', '13or30', '195', '196', '197',
       '2003CloneWarsMemes', '2007scape', '2020PoliceBrutality', '240sx',
       ...
       'maddenzone', 'abbeyleekershaw', 'blackops69', 'watercolorheart',
       'u_willowdrakon', 'VolcaSamples', 'MCMonsterSchool', 'Brumbies',
       'u_yeeter_yaater', 'IntiqillaHoP'],
      dtype='object', length=25073)),
                                                 ('text',
                                                  Pipeline(steps=[('tf_idf_vec',
                                                                   TfidfVectorizer(max_df=0.9,
                                                                                   max_features=10000,
                                                                                   min_df=0.01))]),
                                                  'comment')])),
                ('scaler', MaxAbsScaler()), ('svd', 'passthrough'),
                ('svc', LinearSVC(C=0.001, loss='hinge', random_state=0))])","Pipeline(steps=[('processor',
                 ColumnTransformer(transformers=[('int',
                                                  Pipeline(steps=[('binarizer',
                                                                   Binarizer())]),
                                                  Index(['1000thworldproblems', '100yearsago', '13or30', '195', '196', '197',
       '2003CloneWarsMemes', '2007scape', '2020PoliceBrutality', '240sx',
       ...
       'maddenzone', 'abbeyleekershaw', 'blackops69', 'watercolorheart',
       'u_willowdrakon', 'VolcaSamples', 'MCMonst...
      dtype='object', length=25073)),
                                                 ('text',
                                                  Pipeline(steps=[('tf_idf_vec',
                                                                   TfidfVectorizer(max_df=0.9,
                                                                                   max_features=10000,
                                                                                   min_df=0.01))]),
                                                  'comment')])),
                ('scaler', MaxAbsScaler()),
                ('svd', TruncatedSVD(n_components=500, random_state=0)),
                ('ovr_logreg',
                 LogisticRegression(C=0.1, max_iter=1000, multi_class='ovr',
                                    n_jobs=-1, penalty='l1', random_state=0,
                                    solver='saga'))])"
