,embed_svc,zero_r,tf_idf_svc,comb_svc
accuracy,0.159565962307253,0.19840091376356367,0.2431753283837807,0.24397487150199887
model,"Pipeline(steps=[('embed',
                 EmbeddingTransformer(model=<gensim.models.keyedvectors.KeyedVectors object at 0x7ff31df3bfa0>)),
                ('linear_svc', LinearSVC(C=1, loss='hinge', random_state=0))])",,"Pipeline(steps=[('tf_idf_vec',
                 TfidfVectorizer(max_df=0.95, max_features=10000, min_df=0.01)),
                ('svd', 'passthrough'),
                ('linear_svc', LinearSVC(C=1, loss='hinge', random_state=0))])","Pipeline(steps=[('processor',
                 ColumnTransformer(transformers=[('embed',
                                                  EmbeddingTransformer(model=<gensim.models.keyedvectors.KeyedVectors object at 0x7ff31df4ca60>),
                                                  'comment_embed'),
                                                 ('tf_idf_vec',
                                                  TfidfVectorizer(max_df=0.9,
                                                                  max_features=10000,
                                                                  min_df=0.01),
                                                  'comment_tfidf')])),
                ('svd', 'passthrough'),
                ('linear_svc', LinearSVC(C=1, loss='hinge', random_state=0))])"
