,zero_r,rf,multinomial_l1,adaboost,ovr_rf,multinomial,ovr_logreg,ovr_logreg_l1
accuracy,0.2080528623479281,0.28561724201815597,0.29975915519051444,0.30179707280923856,0.30395850058667323,0.3482986475637621,0.3487309331192491,0.35138640153152595
auc,,0.6726195908054179,0.745668910043505,0.6852855086793047,0.6855202749489747,0.7477101834110791,0.7416575285910798,0.7465381590846821
model,,"Pipeline(steps=[('binarizer', Binarizer()),
                ('svd', TruncatedSVD(n_components=1000, random_state=0)),
                ('rf',
                 RandomForestClassifier(class_weight='balanced_subsample',
                                        max_features='sqrt',
                                        min_samples_leaf=10,
                                        min_samples_split=5, n_estimators=500,
                                        n_jobs=-1, random_state=0))])","Pipeline(steps=[('binarizer', Binarizer()),
                ('svd', TruncatedSVD(n_components=1000, random_state=0)),
                ('multinomial_l1',
                 LogisticRegression(C=0.1, class_weight='balanced',
                                    max_iter=1000, multi_class='multinomial',
                                    n_jobs=-1, penalty='l1', solver='saga'))])","Pipeline(steps=[('binarizer', Binarizer()),
                ('svd', TruncatedSVD(n_components=1000, random_state=0)),
                ('adaboost',
                 AdaBoostClassifier(algorithm='SAMME', learning_rate=1,
                                    n_estimators=500, random_state=0))])","Pipeline(steps=[('binarizer', 'passthrough'),
                ('svd', TruncatedSVD(n_components=1000, random_state=0)),
                ('ovr_rf',
                 OneVsRestClassifier(estimator=RandomForestClassifier(class_weight='balanced_subsample',
                                                                      max_features='sqrt',
                                                                      min_samples_leaf=20,
                                                                      min_samples_split=5,
                                                                      n_estimators=500,
                                                                      n_jobs=-1,
                                                                      random_state=0)))])","Pipeline(steps=[('binarizer', Binarizer()),
                ('svd', TruncatedSVD(n_components=1000, random_state=0)),
                ('multinomial',
                 LogisticRegression(max_iter=1000, multi_class='multinomial',
                                    n_jobs=-1, penalty='none',
                                    solver='saga'))])","Pipeline(steps=[('binarizer', Binarizer()),
                ('svd', TruncatedSVD(n_components=1000, random_state=0)),
                ('ovr_logreg',
                 LogisticRegression(max_iter=1000, multi_class='ovr', n_jobs=-1,
                                    penalty='none', solver='saga'))])","Pipeline(steps=[('binarizer', Binarizer()),
                ('svd', TruncatedSVD(n_components=1000, random_state=0)),
                ('ovr_logreg_l1',
                 LogisticRegression(C=0.1, max_iter=1000, multi_class='ovr',
                                    n_jobs=-1, penalty='l1', solver='saga'))])"
