,zero_r,rf,ovr_rf,adaboost,multinomial_l1,ovr_logreg_l1,ovr_logreg,multinomial
accuracy,0.5605559232296492,0.7337619362768271,0.7337619362768271,0.790677885979011,0.8205540323343103,0.8236740096435662,0.8237685544105133,0.8237685544105133
auc,,0.8129050367675554,0.8129050367675554,0.8775619609730636,0.9063045123171529,0.9062868767797014,0.906286695344131,0.9062872759379567
model,,"Pipeline(steps=[('binarizer', 'passthrough'),
                ('svd', TruncatedSVD(n_components=500, random_state=0)),
                ('rf',
                 RandomForestClassifier(class_weight='balanced_subsample',
                                        max_features='sqrt',
                                        min_samples_leaf=10,
                                        min_samples_split=5, n_estimators=500,
                                        n_jobs=-1, random_state=0))])","Pipeline(steps=[('binarizer', 'passthrough'),
                ('svd', TruncatedSVD(n_components=500, random_state=0)),
                ('ovr_rf',
                 OneVsRestClassifier(estimator=RandomForestClassifier(class_weight='balanced_subsample',
                                                                      max_features='sqrt',
                                                                      min_samples_leaf=10,
                                                                      min_samples_split=5,
                                                                      n_estimators=500,
                                                                      n_jobs=-1,
                                                                      random_state=0)))])","Pipeline(steps=[('binarizer', Binarizer()),
                ('svd', TruncatedSVD(n_components=500, random_state=0)),
                ('adaboost',
                 AdaBoostClassifier(algorithm='SAMME', learning_rate=1,
                                    n_estimators=500, random_state=0))])","Pipeline(steps=[('binarizer', Binarizer()),
                ('svd', TruncatedSVD(n_components=500, random_state=0)),
                ('multinomial_l1',
                 LogisticRegression(C=10, class_weight='balanced',
                                    max_iter=1000, multi_class='multinomial',
                                    n_jobs=-1, penalty='l1', solver='saga'))])","Pipeline(steps=[('binarizer', Binarizer()),
                ('svd', TruncatedSVD(n_components=500, random_state=0)),
                ('ovr_logreg_l1',
                 LogisticRegression(C=10, max_iter=1000, multi_class='ovr',
                                    n_jobs=-1, penalty='l1', solver='saga'))])","Pipeline(steps=[('binarizer', Binarizer()),
                ('svd', TruncatedSVD(n_components=500, random_state=0)),
                ('ovr_logreg',
                 LogisticRegression(max_iter=1000, multi_class='ovr', n_jobs=-1,
                                    penalty='none', solver='saga'))])","Pipeline(steps=[('binarizer', Binarizer()),
                ('svd', TruncatedSVD(n_components=500, random_state=0)),
                ('multinomial',
                 LogisticRegression(max_iter=1000, multi_class='multinomial',
                                    n_jobs=-1, penalty='none',
                                    solver='saga'))])"
