,zero_r,rf,adaboost,ovr_logreg_l1,ovr_logreg
accuracy,0.789862431908411,0.8047271720062783,0.812851998892069,0.819961222417136,0.8202382051518788
auc,,0.7262756545828245,0.7398024927097382,0.7865794471624216,0.7865775982760161
model,,"Pipeline(steps=[('binarizer', 'passthrough'),
                ('svd', TruncatedSVD(n_components=500, random_state=0)),
                ('rf',
                 RandomForestClassifier(class_weight='balanced_subsample',
                                        max_features='sqrt',
                                        min_samples_leaf=10,
                                        min_samples_split=5, n_estimators=500,
                                        n_jobs=-1, random_state=0))])","Pipeline(steps=[('binarizer', Binarizer()),
                ('svd', TruncatedSVD(n_components=500, random_state=0)),
                ('adaboost',
                 AdaBoostClassifier(algorithm='SAMME', learning_rate=1,
                                    n_estimators=500, random_state=0))])","Pipeline(steps=[('binarizer', Binarizer()),
                ('svd', TruncatedSVD(n_components=500, random_state=0)),
                ('ovr_logreg_l1',
                 LogisticRegression(C=10, max_iter=1000, multi_class='ovr',
                                    n_jobs=-1, penalty='l1', random_state=0,
                                    solver='saga'))])","Pipeline(steps=[('binarizer', Binarizer()),
                ('svd', TruncatedSVD(n_components=500, random_state=0)),
                ('ovr_logreg',
                 LogisticRegression(max_iter=1000, multi_class='ovr', n_jobs=-1,
                                    penalty='none', random_state=0,
                                    solver='saga'))])"
