,zero_r,ovr_rf,rf,adaboost,ovr_logreg,multinomial_l1,multinomial,ovr_logreg_l1
accuracy,0.3662693756561477,0.511023281664917,0.511270301982338,0.536898659914778,0.5735811770518126,0.5750015438769839,0.5753103192737603,0.5764836657815106
auc,,0.6967667162702027,0.7078651004688553,0.720298056779821,0.7643443522856957,0.7658875291134932,0.7653570245416286,0.765147677669646
model,,"Pipeline(steps=[('binarizer', 'passthrough'),
                ('svd', TruncatedSVD(n_components=500, random_state=0)),
                ('ovr_rf',
                 OneVsRestClassifier(estimator=RandomForestClassifier(class_weight='balanced_subsample',
                                                                      max_features='sqrt',
                                                                      min_samples_leaf=20,
                                                                      min_samples_split=5,
                                                                      n_estimators=500,
                                                                      n_jobs=-1,
                                                                      random_state=0)))])","Pipeline(steps=[('binarizer', Binarizer()),
                ('svd', TruncatedSVD(n_components=500, random_state=0)),
                ('rf',
                 RandomForestClassifier(class_weight='balanced_subsample',
                                        max_features='sqrt', min_samples_leaf=5,
                                        min_samples_split=20, n_estimators=500,
                                        n_jobs=-1, random_state=0))])","Pipeline(steps=[('binarizer', Binarizer()),
                ('svd', TruncatedSVD(n_components=500, random_state=0)),
                ('adaboost',
                 AdaBoostClassifier(algorithm='SAMME', learning_rate=1,
                                    n_estimators=500, random_state=0))])","Pipeline(steps=[('binarizer', Binarizer()),
                ('svd', TruncatedSVD(n_components=500, random_state=0)),
                ('ovr_logreg',
                 LogisticRegression(max_iter=1000, multi_class='ovr', n_jobs=-1,
                                    penalty='none', solver='saga'))])","Pipeline(steps=[('binarizer', Binarizer()),
                ('svd', TruncatedSVD(n_components=500, random_state=0)),
                ('multinomial_l1',
                 LogisticRegression(C=0.1, class_weight='balanced',
                                    max_iter=1000, multi_class='multinomial',
                                    n_jobs=-1, penalty='l1', solver='saga'))])","Pipeline(steps=[('binarizer', Binarizer()),
                ('svd', TruncatedSVD(n_components=500, random_state=0)),
                ('multinomial',
                 LogisticRegression(max_iter=1000, multi_class='multinomial',
                                    n_jobs=-1, penalty='none',
                                    solver='saga'))])","Pipeline(steps=[('binarizer', Binarizer()),
                ('svd', TruncatedSVD(n_components=500, random_state=0)),
                ('ovr_logreg_l1',
                 LogisticRegression(C=0.1, max_iter=1000, multi_class='ovr',
                                    n_jobs=-1, penalty='l1', solver='saga'))])"
