,zero_r,embed_svc,tf_idf_svc,comb_svc
accuracy,0.3507138777841234,0.41559109080525414,0.48937749857224444,0.49000571102227297
model,,"Pipeline(steps=[('embed',
                 EmbeddingTransformer(model=<gensim.models.keyedvectors.KeyedVectors object at 0x7fbf81607e20>)),
                ('linear_svc', LinearSVC(C=10, loss='hinge', random_state=0))])","Pipeline(steps=[('tf_idf_vec',
                 TfidfVectorizer(max_df=0.9, max_features=10000, min_df=0.01)),
                ('svd', 'passthrough'),
                ('linear_svc', LinearSVC(C=1, loss='hinge', random_state=0))])","Pipeline(steps=[('processor',
                 ColumnTransformer(transformers=[('embed',
                                                  EmbeddingTransformer(model=<gensim.models.keyedvectors.KeyedVectors object at 0x7fc3f479be80>),
                                                  'comment_embed'),
                                                 ('tf_idf_vec',
                                                  TfidfVectorizer(max_df=0.9,
                                                                  max_features=10000,
                                                                  min_df=0.01),
                                                  'comment_tfidf')])),
                ('svd', 'passthrough'),
                ('linear_svc', LinearSVC(C=1, loss='hinge', random_state=0))])"
